rtls_interval_id,asset_id,asset_type,start_time,end_time,location_id,location_name,location_code,duration_sec
RTLS_00001,EUREKA-VPL-001,nurse,2025-03-19 08:00:00.000000000,2025-03-19 08:00:08.766999941,NS_A,B2.71 Open wacht,2.71,8.766999
RTLS_00012,EUREKA-VPL-002,nurse,2025-03-19 08:00:00.000000000,2025-03-19 08:15:00.000000000,NS_A,B2.71 Open wacht,2.71,900.0
RTLS_00024,EUREKA-VPL-003,nurse,2025-03-19 08:00:00.000000000,2025-03-19 08:06:23.139992582,NS_A,B2.71 Open wacht,2.71,383.139992
RTLS_00030,EUREKA-VPL-004,nurse,2025-03-19 08:00:00.000000000,2025-03-19 08:00:27.757361191,NS_A,B2.71 Open wacht,2.71,27.757361
RTLS_00042,EUREKA-VPL-005,nurse,2025-03-19 08:00:00.000000000,2025-03-19 08:00:32.767465399,NS_A,B2.71 Open wacht,2.71,32.767465
RTLS_00047,EUREKA-VPL-006,nurse,2025-03-19 08:00:00.000000000,2025-03-19 08:01:26.863656375,NS_B,B2.71.01 Dienstplaats,2.71.01,86.863656
RTLS_00002,EUREKA-VPL-001,nurse,2025-03-19 08:00:08.766999941,2025-03-19 08:00:09.766999941,STORE_C,B2.65 Berging,2.65,1.0
RTLS_00003,EUREKA-VPL-001,nurse,2025-03-19 08:00:09.766999941,2025-03-19 08:09:29.734303834,PREP_B,B2.71.02 Voorbereiding,2.71.02,559.967303
RTLS_00031,EUREKA-VPL-004,nurse,2025-03-19 08:00:27.757361191,2025-03-19 08:05:07.855469018,STORAGE,B2.61 Opslag,2.61,280.098107
RTLS_00043,EUREKA-VPL-005,nurse,2025-03-19 08:00:32.767465399,2025-03-19 08:01:07.542908086,ROOM_109,B2.68 2-bedskamer,2.68,34.775442
RTLS_00044,EUREKA-VPL-005,nurse,2025-03-19 08:01:07.542908086,2025-03-19 08:01:11.417661579,KITCHEN,B2.77 Keuken,2.77,3.874753
RTLS_00089,Infuuspomp 3,equipment,2025-03-19 08:01:08.000000000,2025-03-19 08:01:34.000000000,UTIL_B,B2.75 Utility,2.75,26.0
RTLS_00045,EUREKA-VPL-005,nurse,2025-03-19 08:01:11.417661579,2025-03-19 08:01:23.133796539,STORE_A,B2.53 Berging,2.53,11.716134
RTLS_00048,EUREKA-VPL-006,nurse,2025-03-19 08:01:26.863656375,2025-03-19 08:02:23.013836122,KITCHEN,B2.77 Keuken,2.77,56.150179
RTLS_00049,EUREKA-VPL-006,nurse,2025-03-19 08:02:23.013836122,2025-03-19 08:02:27.587815772,ROOM_101,B2.74 1-bedskamer,2.74,4.573979
RTLS_00050,EUREKA-VPL-006,nurse,2025-03-19 08:02:27.587815772,2025-03-19 08:02:34.710743707,KITCHEN,B2.77 Keuken,2.77,7.122927
RTLS_00051,EUREKA-VPL-006,nurse,2025-03-19 08:02:34.710743707,2025-03-19 08:02:39.364528924,NS_B,B2.71.01 Dienstplaats,2.71.01,4.653785
RTLS_00052,EUREKA-VPL-006,nurse,2025-03-19 08:02:39.364528924,2025-03-19 08:02:45.215788380,ROOM_111,B2.81 2-bedskamer,2.81,5.851259
RTLS_00239,Voedingspomp 4,equipment,2025-03-19 08:02:50.000000000,2025-03-19 08:03:20.000000000,UTIL_B,B2.75 Utility,2.75,30.0
RTLS_00252,Voedingspomp 5,equipment,2025-03-19 08:02:53.000000000,2025-03-19 08:03:19.000000000,UTIL_A,B2.63 Utility,2.63,26.0
RTLS_00101,Infuuspomp 4,equipment,2025-03-19 08:03:06.000000000,2025-03-19 08:03:41.000000000,UTIL_B,B2.75 Utility,2.75,35.0
RTLS_00179,Toiletstoel 2,equipment,2025-03-19 08:04:27.000000000,2025-03-19 08:04:57.000000000,UTIL_B,B2.75 Utility,2.75,30.0
RTLS_00142,Glucosemeter 1,equipment,2025-03-19 08:04:37.000000000,2025-03-19 08:05:07.000000000,NS_A,B2.71 Open wacht,2.71,30.0
RTLS_00225,Voedingspomp 3,equipment,2025-03-19 08:04:46.000000000,2025-03-19 08:05:10.000000000,UTIL_A,B2.63 Utility,2.63,24.0
RTLS_00032,EUREKA-VPL-004,nurse,2025-03-19 08:05:07.855469018,2025-03-19 08:05:25.707128786,NS_A,B2.71 Open wacht,2.71,17.851659
RTLS_00033,EUREKA-VPL-004,nurse,2025-03-19 08:05:25.707128786,2025-03-19 08:05:30.235310639,ROOM_113,B2.84 1-bedskamer,2.84,4.528181
RTLS_00102,Infuuspomp 4,equipment,2025-03-19 08:05:28.000000000,2025-03-19 08:06:03.000000000,UTIL_B,B2.75 Utility,2.75,35.0
RTLS_00034,EUREKA-VPL-004,nurse,2025-03-19 08:05:30.235310639,2025-03-19 08:05:51.646555489,KITCHEN,B2.77 Keuken,2.77,21.411244
RTLS_00035,EUREKA-VPL-004,nurse,2025-03-19 08:05:51.646555489,2025-03-19 08:06:55.528903278,ROOM_109,B2.68 2-bedskamer,2.68,63.882347
RTLS_00055,Medicatiekar groen,equipment,2025-03-19 08:05:51.646555489,2025-03-19 08:06:55.528903278,ROOM_109,B2.68 2-bedskamer,2.68,63.882347
RTLS_00226,Voedingspomp 3,equipment,2025-03-19 08:06:13.000000000,2025-03-19 08:06:40.000000000,UTIL_A,B2.63 Utility,2.63,27.0
RTLS_00025,EUREKA-VPL-003,nurse,2025-03-19 08:06:23.139992582,2025-03-19 08:06:37.390395683,KITCHEN,B2.77 Keuken,2.77,14.250403
RTLS_00026,EUREKA-VPL-003,nurse,2025-03-19 08:06:37.390395683,2025-03-19 08:09:44.141906794,NS_A,B2.71 Open wacht,2.71,186.751511
RTLS_00156,Glucosemeter 2,equipment,2025-03-19 08:06:42.000000000,2025-03-19 08:07:17.000000000,NS_B,B2.71.01 Dienstplaats,2.71.01,35.0
RTLS_00036,EUREKA-VPL-004,nurse,2025-03-19 08:06:55.528903278,2025-03-19 08:07:17.087918479,ROOM_105,B2.82 1-bedskamer,2.82,21.559015
RTLS_00168,Toiletstoel 1,equipment,2025-03-19 08:06:56.000000000,2025-03-19 08:07:17.000000000,UTIL_A,B2.63 Utility,2.63,21.0
RTLS_00037,EUREKA-VPL-004,nurse,2025-03-19 08:07:17.087918479,2025-03-19 08:07:39.230040001,ROOM_107,B2.64 2-bedskamer,2.64,22.142121
RTLS_00038,EUREKA-VPL-004,nurse,2025-03-19 08:07:39.230040001,2025-03-19 08:07:43.306438032,NS_A,B2.71 Open wacht,2.71,4.076398
RTLS_00039,EUREKA-VPL-004,nurse,2025-03-19 08:07:43.306438032,2025-03-19 08:09:54.816405810,NS_A,B2.71 Open wacht,2.71,131.509967
RTLS_00077,Infuuspomp 2,equipment,2025-03-19 08:07:50.000000000,2025-03-19 08:08:22.000000000,UTIL_A,B2.63 Utility,2.63,32.0
RTLS_00192,Toiletstoel 3,equipment,2025-03-19 08:07:59.000000000,2025-03-19 08:08:21.000000000,STORAGE,B2.61 Opslag,2.61,22.0
RTLS_00132,Bladderscan,equipment,2025-03-19 08:08:00.000000000,2025-03-19 08:08:34.000000000,UTIL_A,B2.63 Utility,2.63,34.0
RTLS_00204,Voedingspomp 1,equipment,2025-03-19 08:08:10.000000000,2025-03-19 08:08:40.000000000,UTIL_A,B2.63 Utility,2.63,30.0
RTLS_00117,Spuitaandrijver,equipment,2025-03-19 08:08:30.000000000,2025-03-19 08:08:52.000000000,UTIL_B,B2.75 Utility,2.75,22.0
RTLS_00143,Glucosemeter 1,equipment,2025-03-19 08:08:32.000000000,2025-03-19 08:08:59.000000000,NS_A,B2.71 Open wacht,2.71,27.0
RTLS_00090,Infuuspomp 3,equipment,2025-03-19 08:08:51.000000000,2025-03-19 08:09:24.000000000,UTIL_B,B2.75 Utility,2.75,33.0
RTLS_00078,Infuuspomp 2,equipment,2025-03-19 08:09:19.000000000,2025-03-19 08:09:45.000000000,UTIL_A,B2.63 Utility,2.63,26.0
RTLS_00215,Voedingspomp 2,equipment,2025-03-19 08:09:21.000000000,2025-03-19 08:09:37.000000000,UTIL_B,B2.75 Utility,2.75,16.0
RTLS_00053,Medicatiekar groen,equipment,2025-03-19 08:09:29.734303834,2025-03-19 08:10:56.340934744,ROOM_115,B2.58 2-bedskamer,2.58,86.60663
RTLS_00065,Infuuspomp 1,equipment,2025-03-19 08:09:36.000000000,2025-03-19 08:10:11.000000000,UTIL_A,B2.63 Utility,2.63,35.0
RTLS_00027,EUREKA-VPL-003,nurse,2025-03-19 08:09:44.141906794,2025-03-19 08:09:56.992169531,ROOM_111,B2.81 2-bedskamer,2.81,12.850262
RTLS_00240,Voedingspomp 4,equipment,2025-03-19 08:09:47.000000000,2025-03-19 08:09:53.000000000,UTIL_B,B2.75 Utility,2.75,6.0
RTLS_00040,EUREKA-VPL-004,nurse,2025-03-19 08:09:54.816405810,2025-03-19 08:10:12.574169627,STORE_B,B2.59 Berging,2.59,17.757763
RTLS_00028,EUREKA-VPL-003,nurse,2025-03-19 08:09:56.992169531,2025-03-19 08:10:13.854174960,KITCHEN,B2.77 Keuken,2.77,16.862005
RTLS_00118,Spuitaandrijver,equipment,2025-03-19 08:09:59.000000000,2025-03-19 08:10:20.000000000,UTIL_B,B2.75 Utility,2.75,21.0
RTLS_00056,EUREKA-VPL-001,nurse,2025-03-19 08:10:00.000000000,2025-03-19 08:13:00.000000000,ROOM_103,B2.78 1-bedskamer,2.78,180.0
RTLS_00057,Medicatiekar geel,equipment,2025-03-19 08:10:00.000000000,2025-03-19 08:13:00.000000000,ROOM_103,B2.78 1-bedskamer,2.78,180.0
RTLS_00041,EUREKA-VPL-004,nurse,2025-03-19 08:10:12.574169627,2025-03-19 08:14:20.803057448,NS_B,B2.71.01 Dienstplaats,2.71.01,248.228887
RTLS_00029,EUREKA-VPL-003,nurse,2025-03-19 08:10:13.854174960,2025-03-19 08:10:16.083585543,STORE_B,B2.59 Berging,2.59,2.22941
RTLS_00253,Voedingspomp 5,equipment,2025-03-19 08:10:15.000000000,2025-03-19 08:10:21.000000000,UTIL_A,B2.63 Utility,2.63,6.0
RTLS_00054,Medicatiekar groen,equipment,2025-03-19 08:10:56.340934744,2025-03-19 08:12:11.296034579,ROOM_114,B2.85 2-bedskamer,2.85,74.955099
RTLS_00133,Bladderscan,equipment,2025-03-19 08:11:00.000000000,2025-03-19 08:11:37.000000000,UTIL_A,B2.63 Utility,2.63,37.0
RTLS_00227,Voedingspomp 3,equipment,2025-03-19 08:11:09.000000000,2025-03-19 08:11:14.000000000,UTIL_A,B2.63 Utility,2.63,5.0
RTLS_00254,Voedingspomp 5,equipment,2025-03-19 08:11:13.000000000,2025-03-19 08:11:18.000000000,UTIL_A,B2.63 Utility,2.63,5.0
RTLS_00079,Infuuspomp 2,equipment,2025-03-19 08:11:18.000000000,2025-03-19 08:11:32.000000000,UTIL_A,B2.63 Utility,2.63,14.0
RTLS_00241,Voedingspomp 4,equipment,2025-03-19 08:11:25.000000000,2025-03-19 08:11:51.000000000,UTIL_B,B2.75 Utility,2.75,26.0
RTLS_00091,Infuuspomp 3,equipment,2025-03-19 08:12:04.000000000,2025-03-19 08:12:23.000000000,UTIL_B,B2.75 Utility,2.75,19.0
RTLS_00119,Spuitaandrijver,equipment,2025-03-19 08:12:23.000000000,2025-03-19 08:12:57.000000000,UTIL_B,B2.75 Utility,2.75,34.0
RTLS_00180,Toiletstoel 2,equipment,2025-03-19 08:12:28.000000000,2025-03-19 08:12:59.000000000,UTIL_B,B2.75 Utility,2.75,31.0
RTLS_00193,Toiletstoel 3,equipment,2025-03-19 08:12:29.000000000,2025-03-19 08:12:41.000000000,STORAGE,B2.61 Opslag,2.61,12.0
RTLS_00228,Voedingspomp 3,equipment,2025-03-19 08:12:42.000000000,2025-03-19 08:13:01.000000000,UTIL_A,B2.63 Utility,2.63,19.0
RTLS_00103,Infuuspomp 4,equipment,2025-03-19 08:13:04.000000000,2025-03-19 08:13:28.000000000,UTIL_B,B2.75 Utility,2.75,24.0
RTLS_00255,Voedingspomp 5,equipment,2025-03-19 08:13:10.000000000,2025-03-19 08:13:16.000000000,UTIL_A,B2.63 Utility,2.63,6.0
RTLS_00205,Voedingspomp 1,equipment,2025-03-19 08:13:45.000000000,2025-03-19 08:13:58.000000000,UTIL_A,B2.63 Utility,2.63,13.0
RTLS_00157,Glucosemeter 2,equipment,2025-03-19 08:13:51.000000000,2025-03-19 08:14:11.000000000,NS_B,B2.71.01 Dienstplaats,2.71.01,20.0
RTLS_00169,Toiletstoel 1,equipment,2025-03-19 08:13:53.000000000,2025-03-19 08:14:28.000000000,UTIL_A,B2.63 Utility,2.63,35.0
RTLS_00144,Glucosemeter 1,equipment,2025-03-19 08:14:06.000000000,2025-03-19 08:14:19.000000000,NS_A,B2.71 Open wacht,2.71,13.0
RTLS_00066,Infuuspomp 1,equipment,2025-03-19 08:14:22.000000000,2025-03-19 08:14:27.000000000,UTIL_A,B2.63 Utility,2.63,5.0
RTLS_00134,Bladderscan,equipment,2025-03-19 08:14:36.000000000,2025-03-19 08:15:07.000000000,UTIL_A,B2.63 Utility,2.63,31.0
RTLS_00013,EUREKA-VPL-002,nurse,2025-03-19 08:15:00.000000000,2025-03-19 08:15:23.656560582,NS_B,B2.71.01 Dienstplaats,2.71.01,23.65656
RTLS_00007,EUREKA-VPL-001,nurse,2025-03-19 08:15:12.701118927,2025-03-19 08:15:19.043670744,ROOM_116,B2.56 2-bedskamer,2.56,6.342551
RTLS_00008,EUREKA-VPL-001,nurse,2025-03-19 08:15:19.043670744,2025-03-19 08:15:42.144011579,ROOM_115,B2.58 2-bedskamer,2.58,23.10034
RTLS_00120,Spuitaandrijver,equipment,2025-03-19 08:15:22.000000000,2025-03-19 08:15:34.000000000,UTIL_B,B2.75 Utility,2.75,12.0
RTLS_00014,EUREKA-VPL-002,nurse,2025-03-19 08:15:23.656560582,2025-03-19 08:15:44.746721732,ROOM_107,B2.64 2-bedskamer,2.64,21.090161
RTLS_00104,Infuuspomp 4,equipment,2025-03-19 08:15:24.000000000,2025-03-19 08:15:34.000000000,UTIL_B,B2.75 Utility,2.75,10.0
RTLS_00216,Voedingspomp 2,equipment,2025-03-19 08:15:41.000000000,2025-03-19 08:16:06.000000000,UTIL_B,B2.75 Utility,2.75,25.0
RTLS_00009,EUREKA-VPL-001,nurse,2025-03-19 08:15:42.144011579,2025-03-19 08:15:49.871762921,UTIL_A,B2.63 Utility,2.63,7.727751
RTLS_00015,EUREKA-VPL-002,nurse,2025-03-19 08:15:44.746721732,2025-03-19 08:15:57.895660036,NS_B,B2.71.01 Dienstplaats,2.71.01,13.148938
RTLS_00010,EUREKA-VPL-001,nurse,2025-03-19 08:15:49.871762921,2025-03-19 08:16:17.573046208,NS_B,B2.71.01 Dienstplaats,2.71.01,27.701283
RTLS_00016,EUREKA-VPL-002,nurse,2025-03-19 08:15:57.895660036,2025-03-19 08:16:02.585346617,ROOM_113,B2.84 1-bedskamer,2.84,4.689686
RTLS_00017,EUREKA-VPL-002,nurse,2025-03-19 08:16:02.585346617,2025-03-19 08:16:56.275349393,ROOM_115,B2.58 2-bedskamer,2.58,53.690002
RTLS_00170,Toiletstoel 1,equipment,2025-03-19 08:16:11.000000000,2025-03-19 08:16:47.000000000,UTIL_A,B2.63 Utility,2.63,36.0
RTLS_00011,EUREKA-VPL-001,nurse,2025-03-19 08:16:17.573046208,2025-03-19 08:16:59.273711563,ROOM_110,B2.79 2-bedskamer,2.79,41.700665
RTLS_00092,Infuuspomp 3,equipment,2025-03-19 08:16:46.000000000,2025-03-19 08:16:59.000000000,UTIL_B,B2.75 Utility,2.75,13.0
RTLS_00145,Glucosemeter 1,equipment,2025-03-19 08:16:56.000000000,2025-03-19 08:17:03.000000000,NS_A,B2.71 Open wacht,2.71,7.0
RTLS_00018,EUREKA-VPL-002,nurse,2025-03-19 08:16:56.275349393,2025-03-19 08:17:30.776223496,ROOM_116,B2.56 2-bedskamer,2.56,34.500874
RTLS_00194,Toiletstoel 3,equipment,2025-03-19 08:17:32.000000000,2025-03-19 08:17:41.000000000,STORAGE,B2.61 Opslag,2.61,9.0
RTLS_00080,Infuuspomp 2,equipment,2025-03-19 08:17:56.000000000,2025-03-19 08:18:09.000000000,UTIL_A,B2.63 Utility,2.63,13.0
RTLS_00058,EUREKA-VPL-002,nurse,2025-03-19 08:18:00.000000000,2025-03-19 08:23:00.000000000,ROOM_106,B2.62 2-bedskamer,2.62,300.0
RTLS_00121,Spuitaandrijver,equipment,2025-03-19 08:18:04.000000000,2025-03-19 08:18:30.000000000,UTIL_B,B2.75 Utility,2.75,26.0
RTLS_00105,Infuuspomp 4,equipment,2025-03-19 08:18:18.000000000,2025-03-19 08:18:42.000000000,UTIL_B,B2.75 Utility,2.75,24.0
RTLS_00229,Voedingspomp 3,equipment,2025-03-19 08:18:42.000000000,2025-03-19 08:19:14.000000000,UTIL_A,B2.63 Utility,2.63,32.0
RTLS_00146,Glucosemeter 1,equipment,2025-03-19 08:18:49.000000000,2025-03-19 08:19:08.000000000,NS_A,B2.71 Open wacht,2.71,19.0
RTLS_00067,Infuuspomp 1,equipment,2025-03-19 08:19:17.000000000,2025-03-19 08:19:40.000000000,UTIL_A,B2.63 Utility,2.63,23.0
RTLS_00242,Voedingspomp 4,equipment,2025-03-19 08:19:23.000000000,2025-03-19 08:19:28.000000000,UTIL_B,B2.75 Utility,2.75,5.0
RTLS_00256,Voedingspomp 5,equipment,2025-03-19 08:19:36.000000000,2025-03-19 08:20:00.000000000,UTIL_A,B2.63 Utility,2.63,24.0
RTLS_00093,Infuuspomp 3,equipment,2025-03-19 08:19:37.000000000,2025-03-19 08:19:49.000000000,UTIL_B,B2.75 Utility,2.75,12.0
RTLS_00135,Bladderscan,equipment,2025-03-19 08:19:50.000000000,2025-03-19 08:20:20.000000000,UTIL_A,B2.63 Utility,2.63,30.0
RTLS_00181,Toiletstoel 2,equipment,2025-03-19 08:20:04.000000000,2025-03-19 08:20:40.000000000,UTIL_B,B2.75 Utility,2.75,36.0
RTLS_00206,Voedingspomp 1,equipment,2025-03-19 08:20:08.000000000,2025-03-19 08:20:25.000000000,UTIL_A,B2.63 Utility,2.63,17.0
RTLS_00217,Voedingspomp 2,equipment,2025-03-19 08:20:09.000000000,2025-03-19 08:20:18.000000000,UTIL_B,B2.75 Utility,2.75,9.0
RTLS_00158,Glucosemeter 2,equipment,2025-03-19 08:20:11.000000000,2025-03-19 08:20:26.000000000,NS_B,B2.71.01 Dienstplaats,2.71.01,15.0
RTLS_00106,Infuuspomp 4,equipment,2025-03-19 08:20:33.000000000,2025-03-19 08:20:53.000000000,UTIL_B,B2.75 Utility,2.75,20.0
RTLS_00068,Infuuspomp 1,equipment,2025-03-19 08:21:29.000000000,2025-03-19 08:21:54.000000000,UTIL_A,B2.63 Utility,2.63,25.0
RTLS_00171,Toiletstoel 1,equipment,2025-03-19 08:21:44.000000000,2025-03-19 08:22:09.000000000,UTIL_A,B2.63 Utility,2.63,25.0
RTLS_00182,Toiletstoel 2,equipment,2025-03-19 08:22:06.000000000,2025-03-19 08:22:19.000000000,UTIL_B,B2.75 Utility,2.75,13.0
RTLS_00107,Infuuspomp 4,equipment,2025-03-19 08:22:29.000000000,2025-03-19 08:22:51.000000000,UTIL_B,B2.75 Utility,2.75,22.0
RTLS_00230,Voedingspomp 3,equipment,2025-03-19 08:22:57.000000000,2025-03-19 08:23:11.000000000,UTIL_A,B2.63 Utility,2.63,14.0
RTLS_00059,EUREKA-VPL-003,nurse,2025-03-19 08:23:00.000000000,2025-03-19 08:25:00.000000000,UTIL_A,B2.63 Utility,2.63,120.0
RTLS_00147,Glucosemeter 1,equipment,2025-03-19 08:23:10.000000000,2025-03-19 08:23:20.000000000,NS_A,B2.71 Open wacht,2.71,10.0
RTLS_00122,Spuitaandrijver,equipment,2025-03-19 08:23:10.000000000,2025-03-19 08:23:46.000000000,UTIL_B,B2.75 Utility,2.75,36.0
RTLS_00172,Toiletstoel 1,equipment,2025-03-19 08:23:37.000000000,2025-03-19 08:24:02.000000000,UTIL_A,B2.63 Utility,2.63,25.0
RTLS_00218,Voedingspomp 2,equipment,2025-03-19 08:23:39.000000000,2025-03-19 08:24:05.000000000,UTIL_B,B2.75 Utility,2.75,26.0
RTLS_00108,Infuuspomp 4,equipment,2025-03-19 08:23:49.000000000,2025-03-19 08:24:17.000000000,UTIL_B,B2.75 Utility,2.75,28.0
RTLS_00081,Infuuspomp 2,equipment,2025-03-19 08:24:20.000000000,2025-03-19 08:24:40.000000000,UTIL_A,B2.63 Utility,2.63,20.0
RTLS_00159,Glucosemeter 2,equipment,2025-03-19 08:24:21.000000000,2025-03-19 08:24:43.000000000,NS_B,B2.71.01 Dienstplaats,2.71.01,22.0
RTLS_00243,Voedingspomp 4,equipment,2025-03-19 08:24:46.000000000,2025-03-19 08:24:55.000000000,UTIL_B,B2.75 Utility,2.75,9.0
RTLS_00195,Toiletstoel 3,equipment,2025-03-19 08:24:46.000000000,2025-03-19 08:25:18.000000000,STORAGE,B2.61 Opslag,2.61,32.0
RTLS_00207,Voedingspomp 1,equipment,2025-03-19 08:24:49.000000000,2025-03-19 08:25:04.000000000,UTIL_A,B2.63 Utility,2.63,15.0
RTLS_00136,Bladderscan,equipment,2025-03-19 08:25:23.000000000,2025-03-19 08:25:49.000000000,UTIL_A,B2.63 Utility,2.63,26.0
RTLS_00109,Infuuspomp 4,equipment,2025-03-19 08:25:29.000000000,2025-03-19 08:25:40.000000000,UTIL_B,B2.75 Utility,2.75,11.0
RTLS_00060,EUREKA-VPL-003,nurse,2025-03-19 08:26:00.000000000,2025-03-19 08:32:40.000000000,ROOM_107,B2.64 2-bedskamer,2.64,400.0
RTLS_00196,Toiletstoel 3,equipment,2025-03-19 08:26:56.000000000,2025-03-19 08:27:26.000000000,STORAGE,B2.61 Opslag,2.61,30.0
RTLS_00148,Glucosemeter 1,equipment,2025-03-19 08:26:58.000000000,2025-03-19 08:27:22.000000000,NS_A,B2.71 Open wacht,2.71,24.0
RTLS_00082,Infuuspomp 2,equipment,2025-03-19 08:27:03.000000000,2025-03-19 08:27:19.000000000,UTIL_A,B2.63 Utility,2.63,16.0
RTLS_00094,Infuuspomp 3,equipment,2025-03-19 08:27:19.000000000,2025-03-19 08:27:48.000000000,UTIL_B,B2.75 Utility,2.75,29.0
RTLS_00123,Spuitaandrijver,equipment,2025-03-19 08:27:23.000000000,2025-03-19 08:27:37.000000000,UTIL_B,B2.75 Utility,2.75,14.0
RTLS_00257,Voedingspomp 5,equipment,2025-03-19 08:27:24.000000000,2025-03-19 08:27:55.000000000,UTIL_A,B2.63 Utility,2.63,31.0
RTLS_00110,Infuuspomp 4,equipment,2025-03-19 08:27:40.000000000,2025-03-19 08:28:12.000000000,UTIL_B,B2.75 Utility,2.75,32.0
RTLS_00183,Toiletstoel 2,equipment,2025-03-19 08:27:59.000000000,2025-03-19 08:28:23.000000000,UTIL_B,B2.75 Utility,2.75,24.0
RTLS_00208,Voedingspomp 1,equipment,2025-03-19 08:28:00.000000000,2025-03-19 08:28:10.000000000,UTIL_A,B2.63 Utility,2.63,10.0
RTLS_00069,Infuuspomp 1,equipment,2025-03-19 08:28:22.000000000,2025-03-19 08:28:30.000000000,UTIL_A,B2.63 Utility,2.63,8.0
RTLS_00124,Spuitaandrijver,equipment,2025-03-19 08:28:46.000000000,2025-03-19 08:28:51.000000000,UTIL_B,B2.75 Utility,2.75,5.0
RTLS_00197,Toiletstoel 3,equipment,2025-03-19 08:29:03.000000000,2025-03-19 08:29:31.000000000,STORAGE,B2.61 Opslag,2.61,28.0
RTLS_00111,Infuuspomp 4,equipment,2025-03-19 08:29:23.000000000,2025-03-19 08:29:42.000000000,UTIL_B,B2.75 Utility,2.75,19.0
RTLS_00184,Toiletstoel 2,equipment,2025-03-19 08:29:33.000000000,2025-03-19 08:29:41.000000000,UTIL_B,B2.75 Utility,2.75,8.0
RTLS_00173,Toiletstoel 1,equipment,2025-03-19 08:29:44.000000000,2025-03-19 08:30:08.000000000,UTIL_A,B2.63 Utility,2.63,24.0
RTLS_00149,Glucosemeter 1,equipment,2025-03-19 08:29:45.000000000,2025-03-19 08:30:01.000000000,NS_A,B2.71 Open wacht,2.71,16.0
RTLS_00244,Voedingspomp 4,equipment,2025-03-19 08:30:07.000000000,2025-03-19 08:30:32.000000000,UTIL_B,B2.75 Utility,2.75,25.0
RTLS_00231,Voedingspomp 3,equipment,2025-03-19 08:30:31.000000000,2025-03-19 08:30:51.000000000,UTIL_A,B2.63 Utility,2.63,20.0
RTLS_00137,Bladderscan,equipment,2025-03-19 08:30:47.000000000,2025-03-19 08:31:17.000000000,UTIL_A,B2.63 Utility,2.63,30.0
RTLS_00198,Toiletstoel 3,equipment,2025-03-19 08:30:56.000000000,2025-03-19 08:31:17.000000000,STORAGE,B2.61 Opslag,2.61,21.0
RTLS_00174,Toiletstoel 1,equipment,2025-03-19 08:31:32.000000000,2025-03-19 08:31:54.000000000,UTIL_A,B2.63 Utility,2.63,22.0
RTLS_00219,Voedingspomp 2,equipment,2025-03-19 08:31:32.000000000,2025-03-19 08:31:37.000000000,UTIL_B,B2.75 Utility,2.75,5.0
RTLS_00083,Infuuspomp 2,equipment,2025-03-19 08:31:42.000000000,2025-03-19 08:32:12.000000000,UTIL_A,B2.63 Utility,2.63,30.0
RTLS_00245,Voedingspomp 4,equipment,2025-03-19 08:31:58.000000000,2025-03-19 08:32:25.000000000,UTIL_B,B2.75 Utility,2.75,27.0
RTLS_00160,Glucosemeter 2,equipment,2025-03-19 08:32:00.000000000,2025-03-19 08:32:33.000000000,NS_B,B2.71.01 Dienstplaats,2.71.01,33.0
RTLS_00125,Spuitaandrijver,equipment,2025-03-19 08:32:11.000000000,2025-03-19 08:32:46.000000000,UTIL_B,B2.75 Utility,2.75,35.0
RTLS_00150,Glucosemeter 1,equipment,2025-03-19 08:33:19.000000000,2025-03-19 08:33:40.000000000,NS_A,B2.71 Open wacht,2.71,21.0
RTLS_00232,Voedingspomp 3,equipment,2025-03-19 08:33:48.000000000,2025-03-19 08:34:07.000000000,UTIL_A,B2.63 Utility,2.63,19.0
RTLS_00061,EUREKA-VPL-004,nurse,2025-03-19 08:34:00.000000000,2025-03-19 08:38:00.000000000,ROOM_112,B2.83 2-bedskamer,2.83,240.0
RTLS_00185,Toiletstoel 2,equipment,2025-03-19 08:34:00.000000000,2025-03-19 08:34:25.000000000,UTIL_B,B2.75 Utility,2.75,25.0
RTLS_00062,Medicatiekar groen,equipment,2025-03-19 08:34:00.000000000,2025-03-19 08:38:00.000000000,ROOM_112,B2.83 2-bedskamer,2.83,240.0
RTLS_00070,Infuuspomp 1,equipment,2025-03-19 08:34:11.000000000,2025-03-19 08:34:20.000000000,UTIL_A,B2.63 Utility,2.63,9.0
RTLS_00095,Infuuspomp 3,equipment,2025-03-19 08:34:16.000000000,2025-03-19 08:34:47.000000000,UTIL_B,B2.75 Utility,2.75,31.0
RTLS_00112,Infuuspomp 4,equipment,2025-03-19 08:34:30.000000000,2025-03-19 08:34:52.000000000,UTIL_B,B2.75 Utility,2.75,22.0
RTLS_00233,Voedingspomp 3,equipment,2025-03-19 08:35:01.000000000,2025-03-19 08:35:15.000000000,UTIL_A,B2.63 Utility,2.63,14.0
RTLS_00258,Voedingspomp 5,equipment,2025-03-19 08:35:13.000000000,2025-03-19 08:35:25.000000000,UTIL_A,B2.63 Utility,2.63,12.0
RTLS_00209,Voedingspomp 1,equipment,2025-03-19 08:35:27.000000000,2025-03-19 08:35:36.000000000,UTIL_A,B2.63 Utility,2.63,9.0
RTLS_00186,Toiletstoel 2,equipment,2025-03-19 08:36:22.000000000,2025-03-19 08:36:32.000000000,UTIL_B,B2.75 Utility,2.75,10.0
RTLS_00199,Toiletstoel 3,equipment,2025-03-19 08:36:32.000000000,2025-03-19 08:37:01.000000000,STORAGE,B2.61 Opslag,2.61,29.0
RTLS_00161,Glucosemeter 2,equipment,2025-03-19 08:36:40.000000000,2025-03-19 08:37:06.000000000,NS_B,B2.71.01 Dienstplaats,2.71.01,26.0
RTLS_00151,Glucosemeter 1,equipment,2025-03-19 08:36:57.000000000,2025-03-19 08:37:26.000000000,NS_A,B2.71 Open wacht,2.71,29.0
RTLS_00210,Voedingspomp 1,equipment,2025-03-19 08:37:00.000000000,2025-03-19 08:37:35.000000000,UTIL_A,B2.63 Utility,2.63,35.0
RTLS_00138,Bladderscan,equipment,2025-03-19 08:37:04.000000000,2025-03-19 08:37:13.000000000,UTIL_A,B2.63 Utility,2.63,9.0
RTLS_00084,Infuuspomp 2,equipment,2025-03-19 08:37:06.000000000,2025-03-19 08:37:41.000000000,UTIL_A,B2.63 Utility,2.63,35.0
RTLS_00126,Spuitaandrijver,equipment,2025-03-19 08:37:07.000000000,2025-03-19 08:37:41.000000000,UTIL_B,B2.75 Utility,2.75,34.0
RTLS_00220,Voedingspomp 2,equipment,2025-03-19 08:37:16.000000000,2025-03-19 08:37:48.000000000,UTIL_B,B2.75 Utility,2.75,32.0
RTLS_00259,Voedingspomp 5,equipment,2025-03-19 08:38:10.000000000,2025-03-19 08:38:43.000000000,UTIL_A,B2.63 Utility,2.63,33.0
RTLS_00187,Toiletstoel 2,equipment,2025-03-19 08:38:14.000000000,2025-03-19 08:38:37.000000000,UTIL_B,B2.75 Utility,2.75,23.0
RTLS_00175,Toiletstoel 1,equipment,2025-03-19 08:39:01.000000000,2025-03-19 08:39:29.000000000,UTIL_A,B2.63 Utility,2.63,28.0
RTLS_00127,Spuitaandrijver,equipment,2025-03-19 08:39:11.000000000,2025-03-19 08:39:19.000000000,UTIL_B,B2.75 Utility,2.75,8.0
RTLS_00246,Voedingspomp 4,equipment,2025-03-19 08:39:16.000000000,2025-03-19 08:39:49.000000000,UTIL_B,B2.75 Utility,2.75,33.0
RTLS_00162,Glucosemeter 2,equipment,2025-03-19 08:39:17.000000000,2025-03-19 08:39:48.000000000,NS_B,B2.71.01 Dienstplaats,2.71.01,31.0
RTLS_00188,Toiletstoel 2,equipment,2025-03-19 08:39:30.000000000,2025-03-19 08:39:53.000000000,UTIL_B,B2.75 Utility,2.75,23.0
RTLS_00234,Voedingspomp 3,equipment,2025-03-19 08:39:32.000000000,2025-03-19 08:40:07.000000000,UTIL_A,B2.63 Utility,2.63,35.0
RTLS_00071,Infuuspomp 1,equipment,2025-03-19 08:40:11.000000000,2025-03-19 08:40:29.000000000,UTIL_A,B2.63 Utility,2.63,18.0
RTLS_00113,Infuuspomp 4,equipment,2025-03-19 08:40:16.000000000,2025-03-19 08:40:47.000000000,UTIL_B,B2.75 Utility,2.75,31.0
RTLS_00152,Glucosemeter 1,equipment,2025-03-19 08:40:27.000000000,2025-03-19 08:40:46.000000000,NS_A,B2.71 Open wacht,2.71,19.0
RTLS_00200,Toiletstoel 3,equipment,2025-03-19 08:40:39.000000000,2025-03-19 08:41:14.000000000,STORAGE,B2.61 Opslag,2.61,35.0
RTLS_00247,Voedingspomp 4,equipment,2025-03-19 08:40:50.000000000,2025-03-19 08:41:03.000000000,UTIL_B,B2.75 Utility,2.75,13.0
RTLS_00260,Voedingspomp 5,equipment,2025-03-19 08:41:11.000000000,2025-03-19 08:41:17.000000000,UTIL_A,B2.63 Utility,2.63,6.0
RTLS_00176,Toiletstoel 1,equipment,2025-03-19 08:41:14.000000000,2025-03-19 08:41:50.000000000,UTIL_A,B2.63 Utility,2.63,36.0
RTLS_00072,Infuuspomp 1,equipment,2025-03-19 08:41:21.000000000,2025-03-19 08:41:57.000000000,UTIL_A,B2.63 Utility,2.63,36.0
RTLS_00063,EUREKA-VPL-005,nurse,2025-03-19 08:42:00.000000000,2025-03-19 08:45:00.000000000,ROOM_104,B2.80 1-bedskamer,2.80,180.0
RTLS_00064,Medicatiekar geel,equipment,2025-03-19 08:42:00.000000000,2025-03-19 08:45:00.000000000,ROOM_104,B2.80 1-bedskamer,2.80,180.0
RTLS_00096,Infuuspomp 3,equipment,2025-03-19 08:42:03.000000000,2025-03-19 08:42:11.000000000,UTIL_B,B2.75 Utility,2.75,8.0
RTLS_00211,Voedingspomp 1,equipment,2025-03-19 08:42:08.000000000,2025-03-19 08:42:27.000000000,UTIL_A,B2.63 Utility,2.63,19.0
RTLS_00248,Voedingspomp 4,equipment,2025-03-19 08:43:30.000000000,2025-03-19 08:43:49.000000000,UTIL_B,B2.75 Utility,2.75,19.0
RTLS_00139,Bladderscan,equipment,2025-03-19 08:43:35.000000000,2025-03-19 08:43:57.000000000,UTIL_A,B2.63 Utility,2.63,22.0
RTLS_00073,Infuuspomp 1,equipment,2025-03-19 08:43:53.000000000,2025-03-19 08:44:17.000000000,UTIL_A,B2.63 Utility,2.63,24.0
RTLS_00189,Toiletstoel 2,equipment,2025-03-19 08:43:54.000000000,2025-03-19 08:44:14.000000000,UTIL_B,B2.75 Utility,2.75,20.0
RTLS_00153,Glucosemeter 1,equipment,2025-03-19 08:44:08.000000000,2025-03-19 08:44:19.000000000,NS_A,B2.71 Open wacht,2.71,11.0
RTLS_00114,Infuuspomp 4,equipment,2025-03-19 08:44:15.000000000,2025-03-19 08:44:47.000000000,UTIL_B,B2.75 Utility,2.75,32.0
RTLS_00163,Glucosemeter 2,equipment,2025-03-19 08:44:20.000000000,2025-03-19 08:44:42.000000000,NS_B,B2.71.01 Dienstplaats,2.71.01,22.0
RTLS_00085,Infuuspomp 2,equipment,2025-03-19 08:44:20.000000000,2025-03-19 08:44:49.000000000,UTIL_A,B2.63 Utility,2.63,29.0
RTLS_00221,Voedingspomp 2,equipment,2025-03-19 08:45:01.000000000,2025-03-19 08:45:19.000000000,UTIL_B,B2.75 Utility,2.75,18.0
RTLS_00249,Voedingspomp 4,equipment,2025-03-19 08:45:36.000000000,2025-03-19 08:46:09.000000000,UTIL_B,B2.75 Utility,2.75,33.0
RTLS_00128,Spuitaandrijver,equipment,2025-03-19 08:45:44.000000000,2025-03-19 08:45:52.000000000,UTIL_B,B2.75 Utility,2.75,8.0
RTLS_00235,Voedingspomp 3,equipment,2025-03-19 08:45:54.000000000,2025-03-19 08:46:24.000000000,UTIL_A,B2.63 Utility,2.63,30.0
RTLS_00074,Infuuspomp 1,equipment,2025-03-19 08:46:20.000000000,2025-03-19 08:46:55.000000000,UTIL_A,B2.63 Utility,2.63,35.0
RTLS_00261,Voedingspomp 5,equipment,2025-03-19 08:46:36.000000000,2025-03-19 08:47:07.000000000,UTIL_A,B2.63 Utility,2.63,31.0
RTLS_00222,Voedingspomp 2,equipment,2025-03-19 08:46:56.000000000,2025-03-19 08:47:09.000000000,UTIL_B,B2.75 Utility,2.75,13.0
RTLS_00140,Bladderscan,equipment,2025-03-19 08:46:57.000000000,2025-03-19 08:47:18.000000000,UTIL_A,B2.63 Utility,2.63,21.0
RTLS_00129,Spuitaandrijver,equipment,2025-03-19 08:47:02.000000000,2025-03-19 08:47:20.000000000,UTIL_B,B2.75 Utility,2.75,18.0
RTLS_00201,Toiletstoel 3,equipment,2025-03-19 08:47:16.000000000,2025-03-19 08:47:27.000000000,STORAGE,B2.61 Opslag,2.61,11.0
RTLS_00115,Infuuspomp 4,equipment,2025-03-19 08:47:45.000000000,2025-03-19 08:48:22.000000000,UTIL_B,B2.75 Utility,2.75,37.0
RTLS_00212,Voedingspomp 1,equipment,2025-03-19 08:48:14.000000000,2025-03-19 08:48:31.000000000,UTIL_A,B2.63 Utility,2.63,17.0
RTLS_00097,Infuuspomp 3,equipment,2025-03-19 08:48:56.000000000,2025-03-19 08:49:03.000000000,UTIL_B,B2.75 Utility,2.75,7.0
RTLS_00177,Toiletstoel 1,equipment,2025-03-19 08:49:06.000000000,2025-03-19 08:49:16.000000000,UTIL_A,B2.63 Utility,2.63,10.0
RTLS_00190,Toiletstoel 2,equipment,2025-03-19 08:49:37.000000000,2025-03-19 08:49:59.000000000,UTIL_B,B2.75 Utility,2.75,22.0
RTLS_00086,Infuuspomp 2,equipment,2025-03-19 08:49:42.000000000,2025-03-19 08:49:56.000000000,UTIL_A,B2.63 Utility,2.63,14.0
RTLS_00154,Glucosemeter 1,equipment,2025-03-19 08:49:45.000000000,2025-03-19 08:49:57.000000000,NS_A,B2.71 Open wacht,2.71,12.0
RTLS_00213,Voedingspomp 1,equipment,2025-03-19 08:50:12.000000000,2025-03-19 08:50:41.000000000,UTIL_A,B2.63 Utility,2.63,29.0
RTLS_00164,Glucosemeter 2,equipment,2025-03-19 08:50:40.000000000,2025-03-19 08:51:05.000000000,NS_B,B2.71.01 Dienstplaats,2.71.01,25.0
RTLS_00236,Voedingspomp 3,equipment,2025-03-19 08:50:53.000000000,2025-03-19 08:51:01.000000000,UTIL_A,B2.63 Utility,2.63,8.0
RTLS_00250,Voedingspomp 4,equipment,2025-03-19 08:52:12.000000000,2025-03-19 08:52:43.000000000,UTIL_B,B2.75 Utility,2.75,31.0
RTLS_00165,Glucosemeter 2,equipment,2025-03-19 08:52:24.000000000,2025-03-19 08:52:38.000000000,NS_B,B2.71.01 Dienstplaats,2.71.01,14.0
RTLS_00116,Infuuspomp 4,equipment,2025-03-19 08:52:35.000000000,2025-03-19 08:53:04.000000000,UTIL_B,B2.75 Utility,2.75,29.0
RTLS_00214,Voedingspomp 1,equipment,2025-03-19 08:52:41.000000000,2025-03-19 08:53:04.000000000,UTIL_A,B2.63 Utility,2.63,23.0
RTLS_00075,Infuuspomp 1,equipment,2025-03-19 08:52:42.000000000,2025-03-19 08:53:13.000000000,UTIL_A,B2.63 Utility,2.63,31.0
RTLS_00155,Glucosemeter 1,equipment,2025-03-19 08:52:46.000000000,2025-03-19 08:53:17.000000000,NS_A,B2.71 Open wacht,2.71,31.0
RTLS_00202,Toiletstoel 3,equipment,2025-03-19 08:52:47.000000000,2025-03-19 08:53:16.000000000,STORAGE,B2.61 Opslag,2.61,29.0
RTLS_00098,Infuuspomp 3,equipment,2025-03-19 08:53:04.000000000,2025-03-19 08:53:28.000000000,UTIL_B,B2.75 Utility,2.75,24.0
RTLS_00087,Infuuspomp 2,equipment,2025-03-19 08:53:32.000000000,2025-03-19 08:53:40.000000000,UTIL_A,B2.63 Utility,2.63,8.0
RTLS_00223,Voedingspomp 2,equipment,2025-03-19 08:53:41.000000000,2025-03-19 08:54:14.000000000,UTIL_B,B2.75 Utility,2.75,33.0
RTLS_00130,Spuitaandrijver,equipment,2025-03-19 08:54:22.000000000,2025-03-19 08:54:49.000000000,UTIL_B,B2.75 Utility,2.75,27.0
RTLS_00262,Voedingspomp 5,equipment,2025-03-19 08:54:27.000000000,2025-03-19 08:55:02.000000000,UTIL_A,B2.63 Utility,2.63,35.0
RTLS_00237,Voedingspomp 3,equipment,2025-03-19 08:54:28.000000000,2025-03-19 08:55:05.000000000,UTIL_A,B2.63 Utility,2.63,37.0
RTLS_00141,Bladderscan,equipment,2025-03-19 08:54:37.000000000,2025-03-19 08:55:10.000000000,UTIL_A,B2.63 Utility,2.63,33.0
RTLS_00166,Glucosemeter 2,equipment,2025-03-19 08:54:39.000000000,2025-03-19 08:55:08.000000000,NS_B,B2.71.01 Dienstplaats,2.71.01,29.0
RTLS_00251,Voedingspomp 4,equipment,2025-03-19 08:54:52.000000000,2025-03-19 08:54:57.000000000,UTIL_B,B2.75 Utility,2.75,5.0
RTLS_00178,Toiletstoel 1,equipment,2025-03-19 08:55:28.000000000,2025-03-19 08:55:46.000000000,UTIL_A,B2.63 Utility,2.63,18.0
RTLS_00191,Toiletstoel 2,equipment,2025-03-19 08:55:42.000000000,2025-03-19 08:56:12.000000000,UTIL_B,B2.75 Utility,2.75,30.0
RTLS_00238,Voedingspomp 3,equipment,2025-03-19 08:56:12.000000000,2025-03-19 08:56:46.000000000,UTIL_A,B2.63 Utility,2.63,34.0
RTLS_00167,Glucosemeter 2,equipment,2025-03-19 08:56:12.000000000,2025-03-19 08:56:23.000000000,NS_B,B2.71.01 Dienstplaats,2.71.01,11.0
RTLS_00131,Spuitaandrijver,equipment,2025-03-19 08:56:18.000000000,2025-03-19 08:56:50.000000000,UTIL_B,B2.75 Utility,2.75,32.0
RTLS_00203,Toiletstoel 3,equipment,2025-03-19 08:56:20.000000000,2025-03-19 08:56:49.000000000,STORAGE,B2.61 Opslag,2.61,29.0
RTLS_00263,Voedingspomp 5,equipment,2025-03-19 08:56:40.000000000,2025-03-19 08:57:10.000000000,UTIL_A,B2.63 Utility,2.63,30.0
RTLS_00099,Infuuspomp 3,equipment,2025-03-19 08:56:42.000000000,2025-03-19 08:56:51.000000000,UTIL_B,B2.75 Utility,2.75,9.0
RTLS_00076,Infuuspomp 1,equipment,2025-03-19 08:56:57.000000000,2025-03-19 08:57:17.000000000,UTIL_A,B2.63 Utility,2.63,20.0
RTLS_00088,Infuuspomp 2,equipment,2025-03-19 08:57:00.000000000,2025-03-19 08:57:35.000000000,UTIL_A,B2.63 Utility,2.63,35.0
RTLS_00100,Infuuspomp 3,equipment,2025-03-19 08:58:58.000000000,2025-03-19 08:59:30.000000000,UTIL_B,B2.75 Utility,2.75,32.0
RTLS_00224,Voedingspomp 2,equipment,2025-03-19 08:59:20.000000000,2025-03-19 08:59:29.000000000,UTIL_B,B2.75 Utility,2.75,9.0
